id,tipo_gestion,nivel_educ_madre,iecep,one_alto_cs_nat,one_bajo_cs_nat,one_medio_cs_nat,one_alto_cs_soc,one_bajo_cs_soc,one_medio_cs_soc,one_alto_lengua,one_bajo_lengua,one_medio_lengua,one_alto_mat,one_bajo_mat,one_medio_mat,tasa_repeticion_2012,tasa_sobreedad_2012,tasa_sobreedad_avanzada_2012,promocionados_2011,salidos_sin_pase_2011,ive_2011,domiciliados_pba,extranjeros_2013,inversion_alumnos_2013
1,Privada,5.79,6.65855,0.29,0.097,0.613,0.519,0.037,0.444,0.52,0.04,0.44,0.346,0.038,0.615,16.5094,17.4528,2.35849,83.1818,1.2931,0.13148,0,5.17241,24340.9
2,Privada,6.25,6.43845,0,0.214,0.786,0.227,0.227,0.545,0.267,0.133,0.6,0.19,0.095,0.714,0,60.1449,9.42029,61.7188,0,0.0766076,0,2.29008,26374
3,Privada,5.53,7.19646,0.3,0.025,0.675,0.561,0.073,0.366,0.537,0.049,0.415,0.39,0.049,0.561,2.06186,6.95876,2.06186,92.2078,2.78481,0.0677125,0,4.63918,15561.5
4,Estatal,6.06,6.95247,0.265,0.229,0.506,0.463,0.053,0.484,0.54,0.103,0.356,0.235,0.094,0.671,3.27869,13.9344,1.31148,87.2659,1.65441,0.0746716,3.5,5.87156,20568.4
5,Estatal,4.65,3.95331,0.054,0.518,0.429,0.182,0.109,0.709,0.222,0.159,0.619,0.047,0.406,0.547,21.4963,70.8114,44.3625,72.1358,20.1405,0.553109,17.4,10.7561,25034.3
6,Privada,6.14,5.70104,0.226,0.323,0.452,0.2,0.233,0.567,0.367,0.133,0.5,0.148,0.259,0.593,1.3986,9.44056,0,88.7719,0.696864,0.0549583,0,0.340136,19010.2
7,Estatal,3.35,4.68077,0.075,0.478,0.448,0.15,0.3,0.55,0.088,0.221,0.691,0.077,0.323,0.6,11.4522,48.17,16.0567,73.613,3.98458,0.296082,7.7,25.1678,21849.4
8,Privada,4.66,2.91614,0.074,0.333,0.593,0.138,0.345,0.517,0.117,0.333,0.55,0.051,0.458,0.492,15.0943,56.6038,23.0189,87.8419,4.41989,0.339046,5.3,11.6541,15932.1
9,Privada,5.31,5.86268,0.14,0.246,0.614,0.2,0.127,0.673,0.345,0.127,0.527,0.179,0.125,0.696,8.7963,25.463,1.62037,82.4147,2.14797,0.138896,0,0.707547,19052.1
10,Privada,5.55,6.19063,0.08,0.12,0.8,0.333,0.111,0.556,0.44,0.04,0.52,0.423,0.077,0.5,10.8787,30.5439,6.27615,84.186,0.454545,0.158717,0,2.75591,19746.7
11,Estatal,3.46,3.49832,0,0.381,0.619,0,0.5,0.5,0.091,0.409,0.5,0.043,0.391,0.565,5.93923,68.232,32.1823,65.5436,10.9439,0.405119,1.3,35.1695,24265.8
12,Privada,4.64,6.27191,0.067,0.133,0.8,0.067,0.2,0.733,0.286,0,0.714,0.067,0.2,0.733,0,12.5,0,90.9091,0,0.0538912,0,3.97351,17378.8
13,Estatal,4.16,5.84891,0.047,0.247,0.706,0.148,0.16,0.691,0.171,0.197,0.632,0.139,0.228,0.633,7.1048,27.8863,6.03908,80.1587,3.27553,0.115254,3.2,19.3182,32887.6
14,Privada,6.3,6.861,0.407,0.123,0.469,0.369,0.071,0.56,0.549,0.037,0.415,0.518,0.024,0.458,3.99274,14.1561,1.81488,83.3935,2.06186,0.14227,2.5,3.02491,25632.4
15,Estatal,3.76,2.37509,0.05,0.55,0.4,0.045,0.455,0.5,0.059,0.647,0.294,0,0.529,0.471,13.1059,52.6032,19.5691,70.0803,8.50277,0.308168,5.2,24.0506,26810
16,Privada,6.45,7.17661,0.595,0.119,0.286,0.455,0.068,0.477,0.581,0.023,0.395,0.451,0.078,0.471,0.323625,4.85437,0,94.2568,0,0.0211111,0,2.63158,83278.1
17,Estatal,5.62,6.78224,0.28,0.08,0.64,0.558,0.019,0.423,0.54,0.06,0.4,0.292,0.104,0.604,8.59189,26.969,2.6253,78.5377,0,0.106386,27.2,0.740741,21815.9
18,Privada,4.96,5.63659,0.104,0.271,0.625,0.256,0.186,0.558,0.314,0.137,0.549,0.022,0.222,0.756,5.6338,22.2535,6.19718,75.7747,1.11732,0.120437,0,3.58127,14650.9
19,Estatal,5.25,2.76435,0.167,0.208,0.625,0.261,0.174,0.565,0.208,0.333,0.458,0.083,0.375,0.542,26.6436,86.8512,64.3599,52.8889,25.5452,0.732449,39.1,8.41751,33270
20,Privada,5.66,6.36067,0.44,0.14,0.42,0.275,0.059,0.667,0.388,0.102,0.51,0.148,0.148,0.704,3.38542,9.89583,1.04167,88.8021,1.28866,0.0767968,0,1.52672,16776.2
21,Privada,5.04,3.05462,0.024,0.61,0.366,0.025,0.4,0.575,0.024,0.366,0.61,0,0.474,0.526,15.9609,46.9055,9.44625,78.1818,2.68456,0.292675,22.2,3.7037,13905.6
22,Privada,5.81,6.14543,0.13,0.239,0.63,0.234,0.17,0.596,0.273,0.091,0.636,0.214,0.214,0.571,6.89655,37.5,9.05172,84.0336,0.833333,0.172058,0,2.95359,19866.7
23,Privada,4.46,4.32735,0.111,0.317,0.571,0.079,0.206,0.714,0.133,0.183,0.683,0.079,0.286,0.635,17.2373,49.7048,15.9386,70.7711,6.58343,0.333618,0,7.11701,11803.2
24,Privada,6.12,5.9367,0.1,0.1,0.8,0.136,0.227,0.636,0.389,0.056,0.556,0.222,0.333,0.444,2.6087,22.6087,5.21739,90.5983,1.68067,0.123093,0,2.4,18901.3
25,Estatal,4.27,5.21719,0.259,0.185,0.556,0.261,0.174,0.565,0.12,0.16,0.72,0.381,0.19,0.429,22.0566,80.775,46.6468,65.2932,1.27389,0.422013,15.3,32.5893,48037.3
26,Privada,6.38,6.48636,0.278,0.111,0.611,0.5,0.111,0.389,0.533,0.067,0.4,0.389,0.278,0.333,1.13636,5.68182,1.13636,92.5926,0,0.0336934,2.3,1.16279,35182.7
27,Estatal,5.23,5.43154,0.111,0.111,0.778,0.4,0.1,0.5,0.333,0.222,0.444,0,0.1,0.9,14.4737,25,8.77193,79.4737,1.96078,0.228093,27.4,0.829876,34399.8
28,Privada,6.42,5.97249,0.241,0.034,0.724,0.346,0.077,0.577,0.192,0.231,0.577,0.103,0.172,0.724,2.5,6.5,0,95.8333,0,0.0333748,0,0.478469,16465.5
29,Estatal,5.02,6.13943,0.227,0.107,0.667,0.275,0.163,0.563,0.432,0.123,0.444,0.225,0.099,0.676,10.041,34.4262,10.8607,84.9604,8.88889,0.251015,2.2,13.5458,16991.4
30,Estatal,5.17,6.52604,0.312,0.156,0.532,0.387,0.16,0.453,0.367,0.051,0.582,0.237,0.118,0.645,9.10345,25.3793,2.62069,80.7212,0.951087,0.135949,13.8,3.48059,20592.3
31,Estatal,4.37,3.56626,0.121,0.424,0.455,0.034,0.241,0.724,0.115,0.269,0.615,0.061,0.394,0.545,30.6383,68.227,31.2057,62.2924,4.22961,0.425215,6.7,21.4876,25170.2
32,Privada,6.46,7.56904,0.303,0.091,0.606,0.516,0.032,0.452,0.452,0,0.548,0.323,0.065,0.613,1.50943,3.39623,0,92.7203,0.377358,0.0147054,3,0.746269,21537.1
33,Privada,5.89,7.13799,0.19,0.238,0.571,0.25,0.15,0.6,0.238,0.095,0.667,0.238,0.095,0.667,6.48148,13.8889,0.925926,93.2039,0,0.0320513,7.4,1.85185,12107.7
34,Estatal,4.93,5.92963,0.202,0.211,0.588,0.349,0.132,0.519,0.382,0.164,0.455,0.203,0.136,0.661,13.3404,34.4717,9.92529,74.4958,2.30415,0.192638,8.5,9.0715,15653.3
35,Estatal,4.26,5.09401,0,0.281,0.719,0.156,0.25,0.594,0.152,0.152,0.697,0.172,0.138,0.69,24.1294,61.6915,32.3383,67.1642,19.0255,0.493986,17,12.3153,26117.2
36,Privada,6.71,6.73801,0.188,0.188,0.625,0.385,0.077,0.538,0.389,0.056,0.556,0.222,0.167,0.611,0,3.38983,0,96.9466,0,0.0157443,0,0.833333,90928.6
37,Estatal,4.88,4.78282,0.077,0.308,0.615,0.091,0.333,0.576,0.152,0.273,0.576,0.025,0.4,0.575,6.19469,29.646,10.177,81.9372,3.52645,0.174591,32.6,2.44565,31753.3
38,Estatal,4.37,4.64,0.036,0.4,0.564,0.129,0.371,0.5,0.097,0.226,0.677,0.05,0.183,0.767,20.8807,56.8182,33.6648,73.4589,6.89103,0.3756,2.6,10.7895,23353.1
39,Estatal,4.68,5.04145,0,0.4,0.6,0.4,0.2,0.4,0.154,0.154,0.692,0.048,0.143,0.81,25.3571,76.25,47.8571,73.3781,15.9049,0.488091,52.2,10.5066,31952
40,Estatal,4.92,5.37051,0.152,0.268,0.58,0.308,0.163,0.529,0.245,0.206,0.549,0.154,0.231,0.615,12.6359,54.212,21.0598,75.4224,7.91667,0.300676,3.7,11.0638,20281.5
41,Estatal,4.01,6.0382,0.098,0.272,0.63,0.103,0.191,0.706,0.243,0.108,0.649,0.1,0.189,0.711,12.7109,39.2576,10.5737,71.3075,6.22877,0.220782,19.4,11.1932,29167.2
42,Privada,6.31,7.24404,0.116,0.186,0.698,0.302,0.047,0.651,0.318,0,0.682,0.348,0.043,0.609,3.21637,10.8187,0,87.2464,0,0.0715058,0.9,1.47929,17788.5
43,Privada,6,3.16451,0.25,0.375,0.375,0.235,0.235,0.529,0.133,0.133,0.733,0.176,0.529,0.294,37.3913,58.2609,10.4348,80.4688,1.6,0.407018,15.9,2.80374,25620.9
44,Estatal,4.41,5.28321,0,0.297,0.703,0.067,0.4,0.533,0.205,0.182,0.614,0.02,0.3,0.68,31.6054,47.6589,17.5585,68.4764,5.44,0.142961,7.9,15.5518,20434.5
45,Estatal,4.9,6.57063,0.325,0.1,0.575,0.39,0.11,0.5,0.427,0.073,0.5,0.522,0.033,0.444,16.4399,47.0522,27.551,78.76,2.11581,0.281813,15.3,7.5179,36978.7
46,Privada,4.9,4.77066,0.079,0.289,0.632,0.158,0.289,0.553,0.098,0.22,0.683,0.15,0.325,0.525,8.16327,42.0408,8.57143,78.1746,1.1583,0.166921,0,8.26772,15962.6
47,Privada,5.13,7.14896,0.298,0.07,0.632,0.464,0.054,0.482,0.569,0,0.431,0.434,0.038,0.528,2.15633,12.6685,1.34771,86.7769,1.06667,0.0799289,50.9,1.31234,18370.3
48,Privada,6.26,7.63073,0.316,0.088,0.596,0.259,0.111,0.63,0.583,0.021,0.396,0.655,0.055,0.291,0,0.955414,0,99.3103,0,0.0601932,0,0.315457,24741.6
49,Privada,5.12,6.37158,0.135,0.297,0.568,0.083,0.306,0.611,0.25,0.125,0.625,0.179,0.051,0.769,0,14.741,2.78884,84.375,0,0.0636882,1.2,2.40964,18171
50,Privada,5.86,7.02759,0.174,0.058,0.768,0.2,0.129,0.671,0.333,0.143,0.524,0.206,0.048,0.746,2.41692,16.0121,0.60423,87.7245,0,0.0225541,1.2,0.588235,13468.2
51,Privada,6.21,7.64976,0.386,0.053,0.561,0.415,0.019,0.566,0.622,0.022,0.356,0.729,0,0.271,0.250627,9.77444,0.250627,95.1157,0,0.0149723,0,0.522193,29899.9
52,Privada,5,6.03857,0,0.286,0.714,0.2,0.4,0.4,0.071,0.357,0.571,0.067,0,0.933,4.62963,26.8519,5.55556,85.2941,6.30631,0.236368,0,25.7732,16448.7
53,Estatal,5.33,6.27437,0.232,0.232,0.537,0.393,0.083,0.524,0.42,0.123,0.457,0.28,0.061,0.659,7.10744,29.0909,6.1157,78.8217,2.31839,0.168503,3.4,6.76819,22612.4
54,Estatal,5.56,6.70113,0.2,0.091,0.709,0.308,0.096,0.596,0.455,0.036,0.509,0.138,0.155,0.707,8.93372,51.8732,13.2565,80.4094,1.9774,0.118624,22.6,4.71698,23029.1
55,Privada,6.17,7.58933,0.146,0.191,0.663,0.265,0.241,0.494,0.473,0.066,0.462,0.489,0.023,0.489,0,0.977995,0,95.2494,0,0.00315956,1.5,1.21654,20557.3
56,Privada,5.89,6.7954,0.063,0.25,0.688,0.156,0.313,0.531,0.382,0.029,0.588,0.242,0.121,0.636,2.22222,13.3333,0.555556,89.0805,1.13636,0.0718638,1.3,1.27389,19471
57,Privada,5.88,7.45551,0.379,0.069,0.552,0.552,0.034,0.414,0.833,0,0.167,0.5,0,0.5,5.6338,18.7793,1.87793,80.3653,3.07018,0.105754,5,4.5045,18300.1
58,Privada,5.96,7.32206,0.429,0,0.571,0.6,0.067,0.333,0.654,0.077,0.269,0.679,0.036,0.286,1.18343,10.6509,1.77515,68.2635,0,0.0453998,30.8,0.581395,25772.2
59,Privada,6.41,6.73738,0.313,0.217,0.47,0.286,0.158,0.556,0.428,0.123,0.449,0.274,0.089,0.637,2.72989,3.59195,0,87.1833,0.148368,0.0206514,0.4,0.280899,15987
60,Privada,6.03,7.31049,0.429,0.119,0.452,0.579,0.026,0.395,0.643,0.024,0.333,0.538,0,0.462,1.14504,6.48855,0,92.2794,1.09091,0.0466786,0,4.04858,16786.7
61,Estatal,3.81,4.6579,0.222,0.056,0.722,0.143,0.143,0.714,0.174,0.217,0.609,0.083,0.292,0.625,6.23441,18.7032,2.49377,65.6716,0,0.216971,3,21.7722,37379.7
62,Privada,5.95,7.27384,0.28,0,0.72,0.36,0.08,0.56,0.583,0.083,0.333,0.182,0,0.818,0,3.63636,0,94.0789,0,0.0108225,0.7,1.31579,15714.9
63,Privada,5.89,5.65078,0.079,0.5,0.421,0.189,0.297,0.514,0.226,0.355,0.419,0.094,0.125,0.781,16.7883,64.2336,18.9781,86.8421,1.30719,0.270447,0,0.699301,24845.6
64,Estatal,4.93,4.84569,0.178,0.333,0.489,0.239,0.181,0.58,0.276,0.15,0.575,0.153,0.19,0.657,26.2983,72.4862,46.9613,70.6983,20.7739,0.577213,2.3,8.76586,31799.4
65,Estatal,4.6,6.14505,0.202,0.212,0.587,0.327,0.133,0.541,0.387,0.129,0.484,0.223,0.106,0.67,9.70246,31.5653,8.92626,77.1164,1.43603,0.168831,12.1,4.7619,19035.8
66,Privada,6.13,7.46995,0.329,0.024,0.646,0.462,0.077,0.462,0.506,0.039,0.455,0.468,0.063,0.468,2.03488,8.13953,0.581395,90.3683,0,0.034016,1.2,1.51976,20316.6
67,Estatal,4.14,3.38873,0.077,0.231,0.692,0.28,0.2,0.52,0.074,0.222,0.704,0.077,0.385,0.538,41.6058,98.5401,95.9854,55.3191,36.4286,0.765848,26.4,5.12821,34054.9
68,Privada,6.71,6.57179,0.222,0.5,0.278,0.444,0.111,0.444,0.571,0.071,0.357,0.353,0.059,0.588,8.82353,17.6471,3.92157,87.3786,0,0.13141,0,1.83486,19772.8
69,Estatal,5.24,4.72395,0.105,0.395,0.5,0.2,0.32,0.48,0.148,0.246,0.607,0.078,0.344,0.578,12.8736,41.1494,8.96552,73.6597,7.37327,0.257988,21.5,3.65297,20176.2
70,Privada,6.46,7.54874,0.288,0.154,0.558,0.434,0.113,0.453,0.58,0,0.42,0.392,0.078,0.529,1.86567,8.20895,0.373134,96.1672,0.684932,0.0212689,0.8,0.816327,27102.7
71,Privada,6.03,7.0326,0.077,0.333,0.59,0.227,0.091,0.682,0.432,0.023,0.545,0.116,0.186,0.698,4.4,4.4,0.8,98.7903,0,0,0,1.19522,19989.2
72,Privada,6.69,7.50806,0.347,0.133,0.52,0.365,0.054,0.581,0.481,0.052,0.468,0.347,0.053,0.6,0,1.22699,0.306748,98.5423,0,0.000968992,1,1.62338,28834.8
73,Estatal,6.26,7.30846,0.354,0.114,0.532,0.452,0.075,0.473,0.761,0.011,0.227,0.328,0.125,0.547,2.19966,21.3198,3.04569,95.0617,0.347826,0.0351267,0.9,0.522648,17568.3
74,Privada,5.86,7.4629,0.44,0,0.56,0.48,0,0.52,0.63,0.037,0.333,0.478,0.043,0.478,0,14.2857,7.14286,95.5882,0,0.0625,0,2.17391,24397
75,Privada,6.65,7.61782,0.535,0.093,0.372,0.488,0.049,0.463,0.761,0.043,0.196,0.652,0,0.348,0,1.72414,0,97.8571,0,0.00827423,0,0.647249,26543
76,Estatal,4.1,4.02302,0.041,0.356,0.603,0.075,0.388,0.537,0.159,0.203,0.638,0.078,0.359,0.563,37.037,72.3457,36.4198,62.9764,8.05369,0.502755,7.1,19.3004,21275.2
77,Privada,6,6.71703,0.167,0.167,0.667,0.313,0.188,0.5,0.286,0,0.714,0.133,0.133,0.733,1.65289,3.30579,0,94.1176,2.3622,0.100225,0.8,0.840336,23861.8
78,Estatal,4.61,6.03323,0.038,0.358,0.604,0.194,0.177,0.629,0.208,0.104,0.688,0.121,0.155,0.724,10.4412,64.2647,21.1765,68.9713,0.651466,0.147591,3,10.0671,17523.9
79,Privada,6.46,7.32086,0,1,0,0.458,0.083,0.458,0.56,0,0.44,0.44,0,0.56,5.14706,15.4412,2.20588,87.0504,2.11268,0.111725,3.4,7.69231,29119.7
80,Estatal,6.32,6.80107,0.474,0.105,0.421,0.364,0.061,0.576,0.657,0.057,0.286,0.36,0.04,0.6,10.8844,20.7483,4.7619,79.2593,0.714286,0.137065,14.3,1.68067,31549.6
81,Privada,6.07,7.49342,0.417,0.042,0.542,0.48,0.04,0.48,0.64,0.04,0.32,0.4,0,0.6,0.694444,13.1944,1.38889,96.3504,0.746269,0.0560742,0,3.07692,28427.6
82,Privada,6.42,7.87592,0.538,0,0.462,0.547,0,0.453,0.788,0,0.212,0.612,0.02,0.367,0,1.97628,0.395257,98.951,0,0.0617716,1.8,3.11111,111758
83,Estatal,5.43,5.32812,0,0.531,0.469,0.059,0.392,0.549,0.143,0.306,0.551,0.18,0.26,0.56,6.35838,32.3699,11.2717,80.1724,0,0.227429,4,3.4384,30904.2
84,Estatal,4.91,4.64768,0.179,0.372,0.449,0.241,0.276,0.483,0.186,0.314,0.5,0.125,0.284,0.591,28.3333,65.1852,32.7778,58.3187,11.9011,0.342156,12.6,8.94737,34923.9
85,Estatal,5.43,6.49726,0.429,0.063,0.508,0.484,0.024,0.492,0.526,0.058,0.416,0.664,0.023,0.313,14.2295,18.623,1.83607,63.5181,0,0.254023,16,8.06916,37396.8
86,Privada,3.67,6.68808,0.205,0.091,0.705,0.211,0.105,0.684,0.242,0.061,0.697,0.184,0.079,0.737,2.61044,25.7028,5.62249,89.5745,3.66599,0.155758,25.7,11.5385,15823.3
87,Privada,6.14,7.06378,0.4,0,0.6,0.6,0.2,0.2,0.5,0,0.5,0,0.167,0.833,3.1746,30.1587,1.5873,90,1.40845,0.127069,4.5,4.47761,48157
88,Privada,5.7,6.27861,0.235,0.235,0.529,0.229,0.2,0.571,0.267,0.167,0.567,0.167,0.111,0.722,2.82258,14.9194,0.806452,87.7395,0.754717,0.0520523,42,3.36134,16493.7
89,Privada,6.59,7.70568,0.338,0.078,0.584,0.347,0.107,0.547,0.569,0.028,0.403,0.316,0.026,0.658,2.44755,9.09091,0.34965,87.6712,0,0.0299971,0,0.706714,25759.4
90,Estatal,3.03,2.04033,0.027,0.541,0.432,0,0.586,0.414,0.059,0.588,0.353,0.031,0.688,0.281,29.8867,76.9122,52.1246,88.9803,2.06349,0.353465,4.2,20.0647,27024.4
91,Privada,5.77,6.95968,0.222,0.148,0.63,0.418,0.091,0.491,0.509,0.036,0.455,0.265,0.082,0.653,2.2082,6.94006,1.26183,93.8462,0,0.0387085,50.3,0.955414,14484.2
92,Privada,6.08,5.73315,0.245,0.306,0.449,0.288,0.154,0.558,0.306,0.102,0.592,0.16,0.34,0.5,2.5,42,8,91.4141,2.92683,0.162329,0,2.87356,24407.9
93,Privada,6.03,6.86028,0.3,0.2,0.5,0.235,0.176,0.588,0.38,0.04,0.58,0.191,0.064,0.745,1.44928,6.08696,0.57971,93.3333,0,0.0421958,2.1,0.879765,14857.6
94,Estatal,5.02,6.76573,0.306,0.129,0.565,0.443,0.049,0.508,0.429,0.125,0.446,0.554,0.062,0.385,9.71731,39.9293,17.4912,77.9385,4.90694,0.171846,7.6,6.02837,40426.5
95,Estatal,4.19,2.80663,0,0,0,0,0.32,0.68,0.222,0.333,0.444,0.034,0.276,0.69,51.6796,97.6744,91.9897,39.5706,27.3364,0.821095,0,14.2458,22729
96,Privada,5.28,5.37819,0.05,0.5,0.45,0.161,0.268,0.571,0.176,0.098,0.725,0.069,0.397,0.534,13.8264,64.9518,24.1158,86.9159,2.76074,0.263067,0,3.26087,20951
97,Privada,4.89,6.30666,0.091,0.318,0.591,0.44,0.12,0.44,0.333,0.125,0.542,0.217,0.087,0.696,2.8169,13.3803,1.40845,82.9268,1.53846,0.0884391,0,6.56934,17099.9
98,Estatal,5.04,4.99837,0.243,0.243,0.514,0.214,0.286,0.5,0.143,0.171,0.686,0.143,0.19,0.667,21.9888,55.6022,28.2913,68.8923,5.42857,0.351261,35.5,3.42368,31828.5
99,Estatal,3.89,5.44974,0.118,0.235,0.647,0.227,0.227,0.545,0.286,0.19,0.524,0.111,0.111,0.778,20.9215,51.9303,25.4047,57.8745,5.70388,0.295957,14.6,17.0861,28805.7
100,Privada,5.24,7.3458,0.5,0,0.5,0.467,0.2,0.333,0.75,0.063,0.188,0.571,0,0.429,0.869565,30.4348,6.95652,96.3636,1.96078,0.139319,1,13.5922,26879
101,Privada,5.84,5.83633,0.13,0.261,0.609,0.253,0.3,0.447,0.317,0.183,0.5,0.145,0.276,0.579,2.74136,7.50894,0.11919,92.6506,0,0.0223877,1.1,1.93622,13100.8
102,Estatal,3.73,4.15085,0.111,0.444,0.444,0,0.375,0.625,0.077,0.308,0.615,0.067,0.333,0.6,16.6667,96.7836,91.2281,83.0986,31.383,0.74806,6.4,13.9623,19176.1
103,Privada,5.88,5.71241,0.171,0.286,0.543,0.258,0.194,0.548,0.353,0.147,0.5,0.194,0.194,0.613,1.49254,25.3731,3.48259,85.9091,0.884956,0.179213,0,2.51046,20070.2
104,Privada,6.81,7.78805,0.385,0.026,0.59,0.643,0.048,0.31,0.842,0,0.158,0.581,0.023,0.395,0.409836,0.819672,0.409836,94.6154,0,0.0109355,4.1,0.900901,38461.7
105,Privada,6.25,7.1154,0.186,0.119,0.695,0.25,0.125,0.625,0.368,0.07,0.561,0.407,0.074,0.519,5.13514,6.48649,1.08108,90.9366,0,0.0893559,35.6,1.04712,18963.6
106,Privada,3.62,2.86371,0.034,0.517,0.448,0.05,0.6,0.35,0.05,0.35,0.6,0.12,0.36,0.52,27.193,82.1637,53.5088,78.9683,23.2416,0.706618,0,16.7665,13303.9
107,Privada,6,6.65709,0.224,0.224,0.551,0.419,0.163,0.419,0.413,0.087,0.5,0.46,0.06,0.48,4.24242,20.303,3.33333,86.646,1.21951,0.109579,5.6,3.41615,18101.6
108,Estatal,4.3,4.21797,0.063,0.25,0.688,0.107,0.214,0.679,0.28,0.16,0.56,0.105,0.421,0.474,9.01408,34.0845,10.4225,71.5152,0.600601,0.265052,35.7,8.49858,35584.5
109,Estatal,3.33,4.71512,0,0.4,0.6,0,0.2,0.8,0.353,0.235,0.412,0.043,0.348,0.609,22.2222,100,98.538,79.3651,59.322,0.74354,3.4,23.6486,24413.1
110,Privada,4.7,6.51829,0.057,0.343,0.6,0.147,0.294,0.559,0.294,0.029,0.676,0.152,0.182,0.667,2.85714,10.7143,1.78571,71.9298,2.05479,0.0934158,0,5.57491,18786.4
111,Estatal,4.73,4.85145,0.265,0.191,0.544,0.475,0.085,0.441,0.311,0.189,0.5,0.222,0.167,0.611,22.6178,58.7435,26.8063,67.5768,9.13706,0.436456,9,14.1858,27405.2
112,Privada,4.36,5.93261,0,0,1,0.375,0,0.625,0.375,0,0.625,0.143,0.143,0.714,5.26316,15.7895,6.01504,81.3008,2.38095,0.186203,0,7.69231,12179.2
113,Privada,6.55,7.44194,0.385,0.154,0.462,0.423,0.038,0.538,0.409,0.045,0.545,0.593,0.074,0.333,0,7.54717,1.88679,100,0,0.0343137,0,6.12245,56975.3
114,Privada,6.18,7.14135,0.277,0.205,0.518,0.356,0.161,0.483,0.486,0.081,0.432,0.282,0.038,0.679,0.203666,7.12831,0,91.3876,0,0.00957904,27.2,0.632911,17729.6
115,Privada,6.4,7.78341,0.423,0,0.577,0.56,0,0.44,0.654,0,0.346,0.583,0,0.417,0,4.13793,0,95.6204,0,0.0194647,6.4,2.14286,20556.4
116,Privada,5.11,6.63434,0.24,0.16,0.6,0.292,0.167,0.542,0.4,0.05,0.55,0.25,0.188,0.563,0,2.16216,0,91.573,0,0.0131086,6,0.543478,15956
117,Estatal,5.38,6.80589,0.27,0.04,0.69,0.4,0.12,0.48,0.45,0.042,0.508,0.281,0.081,0.637,12.1175,32.1909,7.83354,74.6386,2.5641,0.151645,17.3,5.25641,18621.9
118,Privada,6.63,5.72695,0.4,0,0.6,0.333,0,0.667,0.571,0.071,0.357,0.357,0.143,0.5,0,7.44681,0,91.358,0,0.0705321,0,3.44828,33655.6
119,Privada,6.56,7.44275,0.393,0.071,0.536,0.429,0.071,0.5,0.679,0.018,0.304,0.526,0.053,0.421,0.265957,3.45745,0.265957,92.1965,0.289017,0.0187351,0,2.59067,102219
120,Privada,5.96,7.25197,0.357,0.054,0.589,0.42,0.06,0.52,0.549,0,0.451,0.519,0,0.481,7.75,16.75,3,88.3598,0.261097,0.0621765,11.3,1.15741,17232.3
121,Estatal,5.55,5.7297,0.212,0.152,0.636,0.303,0.136,0.561,0.343,0.015,0.642,0.194,0.104,0.701,31.0757,56.5737,24.0372,60.7038,9.09091,0.415056,8,15.3342,24954.9
122,Privada,6.65,7.94688,0.417,0.083,0.5,0.28,0.16,0.56,0.684,0,0.316,0.478,0,0.522,0,0,0,97.3214,0,0,0,1.0101,106843
123,Estatal,4.44,4.81657,0.162,0.333,0.505,0.196,0.391,0.413,0.216,0.176,0.608,0.168,0.287,0.545,26.0444,66.2222,39.4667,72.6997,11.6742,0.419287,6.9,24.6789,27015.5
124,Privada,6.6,7.00523,0.571,0,0.429,0.5,0,0.5,0.6,0.1,0.3,0.3,0.1,0.6,1.42857,8.57143,0,98.5507,0,0.0450368,0,1.40845,109021
125,Privada,6.69,7.72658,0.615,0.038,0.346,0.633,0,0.367,0.885,0,0.115,0.6,0,0.4,0,0.502513,0,97.9275,0,0.00170068,0,2.35849,25839.6
126,Privada,6.39,6.26506,0.091,0.273,0.636,0.048,0.143,0.81,0.429,0.095,0.476,0.048,0.19,0.762,3.59712,17.9856,0.719424,85.4015,0,0.0708333,0,0.699301,23767.7
127,Estatal,4.6,5.08882,0.049,0.23,0.721,0.136,0.197,0.667,0.227,0.106,0.667,0.047,0.203,0.75,25.0973,70.8171,37.1595,74.4318,0.897666,0.379461,18.6,10.4825,36554.1
128,Estatal,5.34,6.20172,0.249,0.237,0.514,0.235,0.206,0.559,0.369,0.125,0.506,0.265,0.159,0.576,6.86096,25.8652,7.46812,80.8245,4.68658,0.163676,57,5.2534,34751.9
129,Estatal,3.77,5.24702,0,0,0,0.175,0.19,0.635,0.29,0.129,0.581,0.232,0.159,0.609,26.986,52.3364,22.4299,52.8846,3.82883,0.340864,46.1,23.7543,33045.3
130,Estatal,4.51,6.00013,0.282,0.141,0.577,0.325,0.163,0.513,0.338,0.132,0.529,0.36,0.093,0.547,16.6105,49.9439,25.7015,71.3604,7.89189,0.290075,14.2,11.9213,39152.8
131,Privada,5.67,4.76489,0.15,0.4,0.45,0.211,0.211,0.579,0.357,0.286,0.357,0.214,0.143,0.643,3.53357,27.9152,4.947,92.8889,0,0.152222,8.2,0.909091,14088.6
132,Privada,6.07,7.39965,0.321,0.089,0.589,0.455,0.055,0.491,0.481,0,0.519,0.528,0.019,0.453,2.96496,7.54717,0.539084,88.7006,0.560224,0.0382298,1.7,3.0303,21383
133,Estatal,4.7,5.38058,0.115,0.192,0.692,0.184,0.263,0.553,0.248,0.303,0.45,0.396,0.079,0.525,8.30351,45.5261,19.3271,72.541,4.38729,0.246004,27.2,19.024,32591.9
134,Estatal,4.88,6.49629,0.176,0.103,0.721,0.219,0.315,0.466,0.257,0.043,0.7,0.563,0.013,0.425,15.2174,41.5217,19.6739,66.5529,8.71369,0.280521,34.3,14.4059,32449.3
135,Privada,4.89,6.33193,0.333,0.111,0.556,0.235,0,0.765,0.643,0.214,0.143,0.333,0.133,0.533,2.65487,32.7434,7.9646,88.2883,3.4188,0.18362,0,7.93651,22523.4
136,Estatal,5.18,4.46913,0.106,0.191,0.702,0.273,0.159,0.568,0.136,0.25,0.614,0.122,0.244,0.634,31.2668,71.4286,38.5445,62.2785,5.63725,0.394943,7.1,11.898,28151.6
137,Estatal,4.62,4.6437,0.088,0.333,0.579,0.136,0.197,0.667,0.061,0.347,0.592,0.074,0.167,0.759,9.82736,50.4648,23.1076,79.1849,5.59345,0.318639,2.1,18.7192,37475.1
138,Privada,5.27,5.00347,0,0,0,0,0,0,0.19,0.429,0.381,0.222,0.222,0.556,2.22222,14.8148,2.96296,91.5254,0.833333,0.069748,0,2.18978,20944.7
139,Privada,6.47,7.05496,0.333,0.217,0.45,0.517,0.1,0.383,0.545,0.073,0.382,0.426,0.066,0.508,0,2.64901,0,89.2405,0,0.0105485,0,0.980392,84056.1
140,Privada,5.79,6.17245,0.231,0.135,0.635,0.345,0.091,0.564,0.373,0.118,0.51,0.222,0.185,0.593,2.10843,10.5422,1.50602,90.5488,1.51515,0.0882111,0,0.566572,16252.5
141,Privada,6.04,5.18442,0.121,0.212,0.667,0.243,0.189,0.568,0.189,0.189,0.622,0.105,0.184,0.711,8.30769,27.6923,4.92308,78.135,1.54799,0.172166,1.2,1.5528,14568.4
142,Privada,6.25,7.38987,0.353,0.118,0.529,0.706,0.118,0.176,0.667,0.048,0.286,0.235,0,0.765,0,5.26316,0,97.4138,0,0.0243676,0,2.7027,99877.4
143,Estatal,4.75,2.62212,0,0.31,0.69,0.042,0.5,0.458,0.12,0.4,0.48,0,0.545,0.455,19.2073,95.7317,86.8902,57.3991,33.4385,0.639578,9.9,16.9872,24757.6
144,Privada,4.98,6.19259,0.204,0.102,0.694,0.184,0.143,0.673,0.333,0.063,0.604,0.229,0.208,0.563,1.86916,39.8754,3.11526,90.8805,1.84615,0.071751,28.2,0.588235,13695.8
145,Estatal,5.27,6.25651,0.308,0.217,0.475,0.336,0.172,0.492,0.353,0.138,0.509,0.548,0.016,0.435,13.5605,41.7246,20.7232,70.2296,5.18868,0.280002,33.4,5.79505,30039.5
146,Privada,6.06,6.31759,0.241,0.172,0.586,0.385,0.038,0.577,0.433,0.133,0.433,0.143,0.107,0.75,2.61438,38.5621,7.84314,88.4615,0,0.0984968,0,0.649351,22537.8
147,Privada,6.63,7.02903,0.28,0.12,0.6,0.269,0.154,0.577,0.5,0,0.5,0.174,0.13,0.696,0.666667,8,0,96.2963,0,0.0285494,0.6,0.636943,42377.5
148,Estatal,5.97,7.20526,0.329,0.263,0.408,0.5,0.092,0.408,0.443,0.086,0.471,0.329,0.079,0.592,8.62944,8.62944,0,91.5423,0.649351,0.0551005,6.7,4.47284,20719
149,Privada,5.43,6.9026,0.2,0.114,0.686,0.485,0.061,0.455,0.5,0.111,0.389,0.41,0.026,0.564,0,18.4332,0.921659,86.8545,0.478469,0.105567,0,5.04587,22309.6
150,Privada,6.29,7.39693,0.217,0.043,0.739,0.583,0,0.417,0.8,0,0.2,0.167,0.125,0.708,0,5.37634,0,88.764,0,0.0155093,5.3,4.25532,53337.5
151,Estatal,4.97,6.44988,0.152,0.238,0.61,0.275,0.138,0.587,0.302,0.125,0.573,0.185,0.13,0.685,12.3724,29.9745,7.65306,71.995,1.20919,0.129112,21.2,4.7619,21478.6
152,Estatal,6.24,7.29704,0.356,0.091,0.553,0.613,0,0.387,0.527,0.016,0.457,0.513,0.009,0.478,6.36605,27.1883,3.31565,76.4869,0.272851,0.117739,9.2,3.52304,22511.1
153,Estatal,4.73,4.77748,0.101,0.406,0.493,0.26,0.219,0.521,0.254,0.183,0.563,0.123,0.329,0.548,12.8333,78.1667,39.3333,60.9881,8.81459,0.331145,72.6,5.50622,23241.2
154,Estatal,5.57,6.67509,0.333,0.114,0.553,0.391,0.078,0.53,0.315,0.081,0.605,0.489,0.007,0.504,7.86713,31.993,8.82867,75.8165,4.65116,0.237766,5.5,6.30473,36125.9
155,Privada,6.42,7.41375,0.44,0.066,0.495,0.6,0.011,0.389,0.5,0.067,0.433,0.548,0.032,0.419,0,0.436681,0,96.0168,0,0.00694444,0.2,1.08225,28947.3
156,Privada,6.51,7.04249,0.265,0.147,0.588,0.405,0.135,0.459,0.519,0,0.481,0.44,0.1,0.46,3.97727,8.52273,0.852273,85.0877,2.55682,0.0649546,0,2.88714,27302.6
157,Privada,6.74,7.62986,0.28,0.12,0.6,0.216,0.176,0.608,0.5,0.021,0.479,0.51,0.02,0.469,0,0.96463,0,99.6575,0,0.00229095,2.7,2.43161,24302.6
158,Estatal,5.45,6.73268,0.325,0.117,0.558,0.365,0.095,0.541,0.532,0.039,0.429,0.333,0.043,0.623,8.37004,33.9207,14.978,77.9259,2.73381,0.191889,7.9,2.64797,22492
159,Privada,5.81,5.18259,0.135,0.459,0.405,0.171,0.22,0.61,0.108,0.297,0.595,0.132,0.237,0.632,3.79747,23.2068,2.95359,85.4167,1.67364,0.115081,2,1.60643,21772.7
160,Privada,5.65,6.66087,0.185,0.177,0.637,0.241,0.233,0.526,0.317,0.098,0.585,0.316,0.07,0.614,4.6133,17.6391,2.7137,89.1852,0.877193,0.09417,0,0.552486,15491.6
161,Estatal,5.38,6.91972,0.533,0.067,0.4,0.312,0.119,0.569,0.51,0.039,0.451,0.516,0.024,0.46,8.19543,26.7139,7.64381,73.4352,1.07143,0.184711,40,4.12621,27245.8
162,Privada,6.63,6.42775,0.471,0.235,0.294,0.5,0.063,0.438,0.5,0,0.5,0.467,0.133,0.4,2.23881,12.6866,0,92.1875,0,0.0768229,5.1,2.18978,24258.2
163,Estatal,4.83,5.87989,0.324,0.088,0.588,0.267,0.167,0.567,0.423,0.115,0.462,0.486,0.086,0.429,24.5922,63.1117,36.8883,64.6325,11.5012,0.370973,9.6,13.394,38884.3
164,Privada,6.07,7.32235,0.205,0.154,0.641,0.3,0.075,0.625,0.513,0.026,0.462,0.258,0.032,0.71,11.9658,18.3761,0.854701,88.3817,0.409836,0.0982555,0.4,4.44444,22147.9
165,Privada,5.59,6.36929,0.07,0.256,0.674,0.298,0.106,0.596,0.283,0.13,0.587,0.229,0.063,0.708,8.52459,19.3443,2.29508,80,1.54799,0.107473,0,2.0339,17143.8
166,Privada,5.3,5.66911,0.2,0.2,0.6,0.571,0,0.429,0.571,0,0.429,0.167,0.333,0.5,0.952381,16.1905,0.952381,87.037,1.81818,0.10002,5.6,6.74157,30118.6
167,Estatal,3.35,2.89,0,0.34,0.66,0.038,0.509,0.453,0.042,0.438,0.521,0,0.435,0.565,21.0938,70.5078,35.9375,64.5545,13.6519,0.498043,11.4,16.4969,24769.5
168,Privada,5.8,6.54883,0.143,0,0.857,0.143,0.286,0.571,0.571,0,0.429,0.143,0.143,0.714,2.73349,5.01139,0.22779,86.5882,0.462963,0.0446203,0,0.656455,17338.1
169,Estatal,3.95,1.39442,0.053,0.737,0.211,0,0.579,0.421,0.042,0.542,0.417,0,0.652,0.348,22.8571,82.449,41.6327,82.8571,18,0.625004,11.8,3.78151,27123.9
170,Privada,6.59,7.49193,0.583,0.125,0.292,0.5,0,0.5,0.682,0.045,0.273,0.409,0,0.591,0,2.89855,0,96.5986,0,0.00900901,0.7,1.34228,26088.5
171,Privada,6.53,5.50808,0.2,0.333,0.467,0.176,0.176,0.647,0.333,0.25,0.417,0.067,0.2,0.733,0.990099,31.6832,2.9703,90.2913,3.77358,0.172264,0,4.0404,28110.3
172,Privada,5,5.27823,0,0.167,0.833,0.091,0.273,0.636,0,0.25,0.75,0,0.091,0.909,10.1796,28.7425,10.1796,80.6667,1.30719,0.094998,2.3,7.9096,14696.2
173,Privada,6.54,6.60509,0.188,0,0.813,0.063,0.063,0.875,0.625,0,0.375,0.125,0.188,0.688,1.34228,24.8322,0,80.9524,0.666667,0.057924,0,3.33333,21004.5
174,Privada,6.29,7.52071,0.318,0.045,0.636,0.506,0.011,0.483,0.477,0.045,0.477,0.429,0.011,0.56,0.444444,1.55556,0,97.2281,0,0.00580674,0,0.692841,23692.8
175,Estatal,5,6.39929,0.297,0.132,0.571,0.28,0.13,0.59,0.33,0.13,0.54,0.42,0.01,0.57,13.3127,43.6533,16.7183,75.705,7.50751,0.27704,15,8.91204,29093.8
176,Privada,6.12,7.06944,0.3,0.083,0.617,0.522,0.06,0.418,0.766,0.031,0.203,0.433,0.03,0.537,2.66393,12.0902,1.02459,89.6476,0.43573,0.0939136,8.6,1.72786,20954.9
177,Privada,6.19,6.91161,0.3,0.171,0.529,0.391,0.116,0.493,0.559,0.074,0.368,0.338,0.092,0.569,1.65289,12.1212,1.92837,89.9457,0.8,0.0575643,1,1.55844,20485.2
178,Estatal,5.83,5.98083,0.276,0.133,0.59,0.432,0.153,0.414,0.486,0.133,0.381,0.286,0.152,0.562,11.8081,30.0738,6.45756,71.2996,4.30293,0.225489,2.5,5.20646,22665.5
179,Privada,6.53,6.11676,0.167,0.167,0.667,0.368,0.105,0.526,0.45,0.15,0.4,0.278,0.167,0.556,20.3883,44.6602,8.73786,74,0,0.267361,11.4,4.7619,27699.4
180,Privada,5.44,7.10621,0.2,0.229,0.571,0.453,0.094,0.453,0.454,0.052,0.495,0.383,0.106,0.511,0.155763,2.18069,0,93.4579,0,0.00685777,39.9,0.913242,13071
181,Estatal,4.69,6.65225,0.08,0.12,0.8,0.333,0.111,0.556,0.44,0.04,0.52,0.423,0.077,0.5,20.315,54.6457,19.2126,75.7042,4.75382,0.198292,20,8.53659,19156
182,Privada,6.35,7.45797,0.243,0.243,0.514,0.114,0.143,0.743,0.583,0,0.417,0.5,0,0.5,0.920245,5.21472,0,93.0233,0.334448,0.0255053,5.7,0.285714,22929.8
183,Privada,5.95,6.10567,0.1,0.2,0.7,0.167,0.167,0.667,0.6,0,0.4,0.25,0.167,0.583,10.8225,28.1385,9.95671,88.2653,15.812,0.44898,0,5.4902,27772.3
184,Privada,4.72,5.82875,0.132,0.275,0.593,0.237,0.108,0.656,0.347,0.112,0.541,0.281,0.125,0.594,13.2371,38.7485,13.1167,69.5601,2.50569,0.222487,0,5.75117,14350.9
185,Estatal,4.93,5.57347,0.106,0.277,0.617,0.143,0.276,0.582,0.239,0.114,0.648,0.095,0.189,0.716,26.4835,51.6483,23.5165,80.8535,1.97585,0.322377,4.4,13.3333,24745.8
186,Privada,5.37,4.13488,0.156,0.25,0.594,0.207,0.414,0.379,0.242,0.212,0.545,0.065,0.258,0.677,24.2754,74.2754,28.6232,70.0337,9.32476,0.512522,0,6.66667,16371.2
187,Privada,6,7.25872,0.214,0.214,0.571,0.395,0.079,0.526,0.667,0.053,0.28,0.382,0.066,0.553,2.82828,10.101,0.20202,92.0477,0,0.0343771,5.2,0.772201,16234.5
188,Privada,5.9,6.51863,0.275,0.203,0.522,0.234,0.172,0.594,0.359,0.078,0.563,0.278,0.153,0.569,2.32558,12.5581,1.86047,88.9888,0,0.038864,4.8,2.73973,18912.8
189,Privada,6.29,7.34445,0.253,0.177,0.57,0.39,0.091,0.519,0.561,0.024,0.415,0.299,0.026,0.675,1.53846,7.25275,0.21978,97.1897,0,0.031686,7.1,2.08768,21405.3
190,Privada,6.5,7.47741,0.415,0.117,0.468,0.442,0.063,0.495,0.48,0.092,0.429,0.604,0.01,0.385,0,0.910747,0,85.8456,0.184162,0.00326322,0.4,0.729927,17625.6
191,Estatal,4.81,5.47119,0.176,0.279,0.544,0.093,0.241,0.667,0.167,0.222,0.611,0.143,0.186,0.671,8.5177,25.3319,8.40708,72.2345,1.2035,0.143539,13.4,5.75,17792.3
192,Privada,5.51,6.45977,0.157,0.235,0.608,0.352,0.111,0.537,0.519,0.056,0.426,0.151,0.189,0.66,2.41935,9.67742,1.6129,91.3165,0.826446,0.0503419,0,2.25989,16767.1
193,Privada,6.71,7.391,0.295,0.045,0.659,0.4,0.067,0.533,0.535,0,0.465,0.432,0.068,0.5,2.83401,4.8583,0.809717,67.5325,0,0.0218085,2.2,0.869565,22537.2
194,Privada,4.71,6.50817,0.227,0.258,0.515,0.319,0.042,0.639,0.362,0.072,0.565,0.265,0.103,0.632,4.15704,17.0901,4.38799,85.5392,2.86396,0.106939,0,2.42718,16852.1
195,Estatal,4.08,5.08763,0.069,0.276,0.655,0.143,0.179,0.679,0.259,0.185,0.556,0.103,0.172,0.724,23.9631,54.8387,29.0323,59.75,2.5522,0.339658,7.2,12.7404,29168.9
196,Estatal,3.7,4.04252,0,0.537,0.463,0.1,0.34,0.56,0.036,0.364,0.6,0.041,0.388,0.571,17.1429,48.5714,18.6555,69.898,1.49254,0.217046,18.5,29.7907,29161.5
197,Estatal,3.69,5.13539,0.085,0.17,0.745,0.235,0.216,0.549,0.24,0.2,0.56,0.151,0.127,0.8,21.6749,57.0813,33.4975,60.4603,12.3171,0.379306,22,23.7256,27096.2
198,Privada,5.74,6.60906,0.262,0.167,0.571,0.143,0.119,0.738,0.381,0,0.619,0.171,0.171,0.659,4.87013,8.11688,0.649351,84.5638,0,0.0599891,0,1.94175,19482.1
199,Privada,5.79,5.72513,0.154,0.231,0.615,0.293,0,0.707,0.361,0.181,0.458,0.173,0.173,0.653,4.3659,22.0374,2.2869,93.3333,1.12108,0.154056,4,0.840336,17726.2
200,Privada,6.62,7.06098,0.36,0.12,0.52,0.593,0.037,0.37,0.708,0.021,0.271,0.404,0.038,0.558,0,11.7438,0.711744,84.1549,0.346021,0.03325,3.1,3.40136,29087.3
201,Privada,5.19,5.70917,0.147,0.294,0.559,0.118,0.382,0.5,0.2,0.143,0.657,0.094,0.188,0.719,8.75,28.3333,3.33333,82.9384,1.40187,0.152196,3.1,3.10078,17608.3
202,Privada,6.63,7.40175,0.438,0.063,0.5,0.735,0,0.265,0.75,0,0.25,0.441,0,0.559,0.549451,5.49451,0.549451,99.4253,0,0.035221,0,1.11111,30243.9
203,Estatal,6.15,7.15519,0.423,0.033,0.545,0.508,0,0.492,0.644,0.023,0.333,0.394,0.03,0.576,9.85915,23.3568,6.22066,85.6977,0,0.13885,2.2,2.29469,19479.3
204,Estatal,5.45,6.69404,0.226,0.129,0.645,0.276,0.103,0.621,0.448,0.069,0.483,0.233,0.133,0.633,11.8227,31.5271,7.88177,67.2043,4.0201,0.163599,31.3,1.28755,41095.7
205,Estatal,2.84,2.24329,0.067,0.667,0.267,0,0.486,0.514,0.036,0.393,0.571,0.061,0.545,0.394,20.9302,83.7209,65.3277,62.9808,22.7915,0.62109,1.1,18.4685,30991.1
206,Privada,6.42,6.63965,0.115,0.459,0.426,0.352,0.315,0.333,0.386,0.175,0.439,0.311,0.066,0.623,2.86533,24.9284,0.573066,93.8596,0,0.0344176,2.9,0.57971,20572
207,Estatal,4.56,5.45123,0.039,0.275,0.686,0.09,0.164,0.746,0.218,0.236,0.545,0.091,0.227,0.682,13.5652,34.7826,10.4348,76.8775,2.70793,0.196423,39.8,4.46281,25169.1
208,Estatal,4.09,5.40759,0.085,0.203,0.712,0.206,0.143,0.651,0.328,0.141,0.531,0.032,0.222,0.746,15.8965,37.7079,12.1996,65.7658,0.34188,0.213637,26.1,9.23623,22300.8
209,Privada,5.97,7.46595,0.227,0.045,0.727,0.444,0.089,0.467,0.41,0.026,0.564,0.452,0,0.548,2.77778,10.0694,1.04167,74.6528,0,0.0434028,0,1.75439,19956.7
210,Privada,6.65,7.76197,0.563,0.021,0.417,0.469,0.02,0.51,0.776,0,0.224,0.739,0.022,0.239,0,1.11524,0,96.0784,0,0.00784314,0,1.13636,25929.2
211,Privada,5.65,6.66725,0.245,0.094,0.66,0.278,0.111,0.611,0.522,0.109,0.37,0.411,0.036,0.554,5.36193,17.1582,3.75335,79.79,0,0.0493707,0,2.40642,18352.7
212,Estatal,3.67,4.78088,0.119,0.299,0.582,0.2,0.231,0.569,0.303,0.227,0.47,0.169,0.2,0.631,29.6537,62.2294,31.4935,73.5705,6.60264,0.382972,33.1,31.2715,29026.2
213,Privada,5.1,4.33251,0.048,0.452,0.5,0.054,0.649,0.297,0.213,0.34,0.447,0.182,0.341,0.477,0,7.48031,0,85.8779,0,0.0996142,12.5,1.42857,17293.2
214,Privada,5.81,5.60683,0.048,0.524,0.429,0.368,0.474,0.158,0.471,0.176,0.353,0.12,0.28,0.6,0,23.2558,3.10078,93.7008,0,0.177409,0,6.25,24996.6
215,Privada,6.71,7.61098,0.354,0.035,0.611,0.302,0.123,0.575,0.639,0,0.361,0.64,0.018,0.342,0.156986,2.82575,0,93.4609,0.475436,0.0208716,0,1.54799,71725.2
216,Privada,5.69,3.32566,0.111,0.5,0.389,0.065,0.355,0.581,0.145,0.246,0.609,0.042,0.366,0.592,3.75276,63.7969,16.777,66.9565,5.53279,0.536368,0,1.8595,12730.6
217,Privada,5.71,5.96929,0.065,0.484,0.452,0.194,0.484,0.323,0.2,0.28,0.52,0.3,0.1,0.6,0,6.46766,0,98.773,0,0.00856339,0,1.83486,14041.7
218,Estatal,3.77,5.99982,0.107,0.357,0.536,0.089,0.232,0.679,0.233,0.117,0.65,0.088,0.211,0.702,13.6035,13.6035,0.289436,63.8681,1.33136,0.177595,36.8,9.95542,23241
219,Estatal,3.64,3.80873,0.036,0.436,0.527,0.17,0.277,0.553,0.074,0.37,0.556,0.064,0.426,0.511,16.4179,52.8785,21.322,67.364,8.20611,0.355983,28,8.47458,32032.6
220,Privada,5.07,5.24357,0,0.2,0.8,0.2,0.267,0.533,0.353,0.118,0.529,0,0.333,0.667,10.4348,30.4348,4.63768,77.4725,1.35501,0.102883,0,7.22543,19203.4
221,Privada,6.64,4.80107,0.143,0.238,0.619,0.3,0.2,0.5,0.316,0.263,0.421,0.211,0.211,0.579,0,16.8067,2.52101,60.9091,0,0.090708,0,3.38983,32986.3
222,Privada,4.39,6.22569,0,0.545,0.455,0.167,0.167,0.667,0.357,0,0.643,0.1,0.1,0.8,13.4615,42.3077,12.8205,78.7671,6.41026,0.191065,10.7,4.69799,16224.2
223,Privada,5.6,7.09558,0.261,0.087,0.652,0.5,0.077,0.423,0.542,0.083,0.375,0.32,0.04,0.64,0,8.02469,1.85185,88.0503,0,0.0553385,2.3,2.84091,14925.6
224,Estatal,4.85,6.62127,0.238,0.286,0.476,0.304,0.13,0.565,0.333,0.033,0.633,0.25,0,0.75,20.7709,66.3812,47.7516,70.6633,14.9028,0.400773,38.5,8.09628,37553.8
225,Privada,6.55,6.20587,0.189,0.34,0.472,0.396,0.151,0.453,0.182,0.273,0.545,0.382,0.109,0.509,0,2.34114,0,95.0178,0.706714,0.0195896,0,2.6393,32844.8
226,Privada,6.24,7.57736,0.4,0.1,0.5,0.519,0.037,0.444,0.76,0,0.24,0.533,0,0.467,0.396825,3.57143,0.396825,99.5305,0,0.00471698,44.2,0.743494,14737.4
227,Privada,5.44,4.65407,0.143,0.143,0.714,0.167,0.167,0.667,0.143,0.286,0.571,0,0.286,0.714,22.3684,61.8421,22.3684,75.5556,1.08696,0.232842,0,6.17284,17622.1
228,Privada,5.13,5.77228,0.159,0.136,0.705,0.227,0.068,0.705,0.273,0.045,0.682,0.071,0.214,0.714,17.5439,60.7018,22.807,72.1429,2.12766,0.277136,0.8,7.27969,15806.9
229,Privada,6.55,6.28675,0.077,0.308,0.615,0.462,0,0.538,0.5,0.214,0.286,0.462,0.154,0.385,0,2.12766,0,100,0,0.0058997,3.1,4.12371,79262.9
230,Estatal,4.25,5.18618,0.102,0.299,0.598,0.254,0.216,0.53,0.254,0.195,0.551,0.102,0.266,0.633,25.2843,63.4296,40.8574,61.4414,10.9589,0.403909,10,23.7302,24575.4
231,Privada,3.2,4.20187,0.091,0.273,0.636,0.043,0.261,0.696,0.158,0.211,0.632,0.095,0.429,0.476,17.0213,46.2766,18.0851,61.1465,11.6667,0.530336,0,51.6746,16141.4
232,Estatal,4.17,3.56518,0.1,0.367,0.533,0.156,0.344,0.5,0.067,0.2,0.733,0.188,0.438,0.375,36.5517,69.8276,29.8276,74.3875,14.1243,0.515107,2.9,17.474,23065
233,Estatal,5.59,5.39025,0.13,0.239,0.63,0.24,0.19,0.57,0.295,0.168,0.537,0.128,0.233,0.64,14.8905,52.1168,23.5036,71.2766,3.30827,0.279143,36.5,4.12371,21233.7
234,Privada,5.79,5.92681,0.243,0.189,0.568,0.417,0.056,0.528,0.4,0.029,0.571,0.258,0.258,0.484,4.35967,13.624,0.27248,88.1356,1.10803,0.0700722,3.5,2.16216,13484.2
235,Privada,6.16,7.09503,0.427,0.042,0.531,0.448,0.072,0.48,0.565,0.081,0.355,0.842,0,0.158,1.73824,57.4642,3.47648,89.2451,3.18408,0.109493,0,0.650759,26265.2
236,Privada,6.5,7.96008,0.364,0.182,0.455,0.333,0.083,0.583,0.889,0,0.111,0.273,0,0.727,1.25,8.75,2.5,92.5926,0,0.0205761,5.6,2.24719,26398.2
237,Privada,6.45,6.47261,0.182,0.091,0.727,0.5,0.094,0.406,0.345,0.172,0.483,0.4,0.033,0.567,1.88679,15.4717,0.377358,90.873,0,0.0777339,1.5,1.8797,25108.3
238,Privada,6.02,6.94616,0.188,0.167,0.646,0.289,0.044,0.667,0.458,0.042,0.5,0.156,0.133,0.711,1.80723,6.0241,0.301205,90.2299,0,0.0214881,1.2,2.1021,20100.7
239,Estatal,5.95,6.67115,0.319,0.149,0.532,0.299,0.09,0.612,0.53,0.076,0.394,0.222,0.148,0.63,8.26558,25.8808,4.87805,81.2139,2.63158,0.124219,12.3,4.33526,29651.3
240,Estatal,4.58,6.98988,0.167,0.125,0.708,0.299,0.103,0.598,0.506,0.059,0.435,0.27,0.09,0.64,3.74862,32.5248,6.1742,94.6575,0.136986,0.055425,2.5,8.91473,25470.7
241,Estatal,5.16,5.88889,0.333,0.104,0.563,0.211,0.193,0.596,0.315,0.148,0.537,0.317,0.067,0.617,12.4431,44.613,21.5478,70.0159,6.96662,0.284815,5.7,15.0628,39728.8
242,Privada,6.56,7.8266,0.474,0.079,0.447,0.553,0.053,0.395,0.677,0.032,0.29,0.588,0,0.412,0,3.7234,0,99.4975,0,0.00990099,0,2.60417,111530
243,Privada,5.96,6.31417,0.24,0.08,0.68,0.318,0.136,0.545,0.276,0.034,0.69,0.207,0.034,0.759,13.2353,26.9608,0.980392,76.0204,5.28846,0.239241,5.6,8.33333,23180.4
244,Privada,6.24,7.25746,0.13,0.109,0.761,0.457,0.109,0.435,0.571,0.071,0.357,0.333,0.022,0.644,0,2.5,0,92.3547,0,0.00611621,9.7,1,16173.8
245,Privada,4.91,5.86375,0.1,0.429,0.471,0.178,0.384,0.438,0.227,0.212,0.561,0.155,0.113,0.732,8.31858,17.1681,1.9469,78.6972,1.03806,0.0615022,0,2.9703,13176
246,Estatal,4.31,3.51802,0.029,0.539,0.431,0.084,0.253,0.663,0.18,0.27,0.551,0.138,0.287,0.574,47.4576,88.2897,56.6256,61.7248,30.1156,0.764409,3.3,10.0554,34330.1
247,Estatal,6.51,7.64216,0.568,0.037,0.395,0.711,0.024,0.265,0.855,0.012,0.133,0.798,0,0.202,5.4,17.6,1.8,88.3817,0,0.0925319,3.7,3.68098,19120.7
248,Estatal,4.95,6.68183,0.071,0.286,0.643,0.167,0.233,0.6,0.241,0.103,0.655,0.261,0.043,0.696,8.87574,47.8106,15.858,44.132,0,0.197557,16.5,13.3578,35249.2
249,Privada,5.78,7.27769,0.169,0.153,0.678,0.407,0.074,0.519,0.561,0.035,0.404,0.347,0.041,0.612,0,3.50877,0,90.8088,1.44404,0.0304009,0,2.62295,18398.1
250,Privada,4.27,4.35502,0.059,0.294,0.647,0,0.2,0.8,0.125,0.188,0.688,0,0.438,0.563,21.6867,67.4699,27.7108,77.4194,3.9604,0.304911,0,5.31915,24768.7
251,Estatal,4.5,5.00481,0.033,0.3,0.667,0.105,0.316,0.579,0.132,0.283,0.585,0.104,0.333,0.563,9.95851,39.6266,12.4481,74.2802,4.35572,0.185154,19.8,10.2083,21214.3
252,Privada,4.79,6.58618,0.081,0.216,0.703,0.389,0.139,0.472,0.351,0,0.649,0.059,0.206,0.735,6.04027,14.094,1.00671,84.5395,0.977199,0.0792724,33.3,2.589,18491.2
253,Privada,5.87,7.45807,0.235,0.059,0.706,0.286,0.071,0.643,0.563,0,0.438,0.286,0,0.714,2.58621,26.7241,6.89655,89.8305,0,0.0586158,0.8,3.27869,25932.8
254,Privada,4.88,7.17826,0.17,0.234,0.596,0.192,0.173,0.635,0.333,0.104,0.563,0.28,0.08,0.64,0,13.3676,0.257069,95.8763,1.54242,0.0746118,0,5.34759,20747.1
255,Estatal,4.44,4.38283,0.063,0.219,0.719,0.188,0.25,0.563,0.179,0.286,0.536,0.156,0.313,0.531,16.0944,45.279,14.1631,81.1024,5,0.296295,4.4,4.13943,22537.8
256,Estatal,4.02,3.93793,0.064,0.489,0.447,0.085,0.34,0.574,0.13,0.261,0.609,0.116,0.372,0.512,26.7133,72.4476,37.7622,67.4256,5.55556,0.374525,9.8,20.3412,22180.3
257,Estatal,4.62,4.12573,0.271,0.229,0.5,0.097,0.258,0.645,0.213,0.277,0.511,0.289,0.156,0.556,23.8701,60.3107,27.4011,71.4286,9.65986,0.386283,7.5,17.1745,42681.1
258,Privada,5.59,6.37252,0.12,0.26,0.62,0.264,0.17,0.566,0.423,0.077,0.5,0.115,0.231,0.654,1.94175,8.41424,0.323625,87.9085,0.324675,0.0282293,10.8,0.655738,19728.8
259,Privada,6.38,7.19756,0.333,0.167,0.5,0.548,0.081,0.371,0.621,0.034,0.345,0.527,0.055,0.418,2.69461,10.7784,0.898204,86.9081,0,0.0496931,0,1.44509,18627.7
260,Privada,5.82,7.62601,0.417,0.042,0.542,0.5,0.038,0.462,0.704,0,0.296,0.308,0,0.692,3.10559,22.3602,6.21118,91.6667,0,0.136135,0,9.79021,33345.1
261,Privada,5.54,6.93931,0.077,0.308,0.615,0.786,0,0.214,0.636,0.091,0.273,0.438,0,0.563,4.86111,8.33333,0.694444,85.5172,0,0.0309606,0,6.06061,15969.8
262,Privada,6.08,7.31829,0.241,0.207,0.552,0.339,0.071,0.589,0.534,0.052,0.414,0.525,0.017,0.458,2.01149,5.74713,0,90.5714,0.280112,0.0561243,0.9,3.9886,20435.3
263,Privada,5.25,5.58515,0.1,0.5,0.4,0.273,0.364,0.364,0,0.333,0.667,0,0.1,0.9,2.77778,12.5,0,98.6301,0,0.0535301,7.7,7.69231,18614.2
264,Privada,5.75,7.20969,0.25,0.1,0.65,0.522,0,0.478,0.545,0,0.455,0.174,0.13,0.696,0,5.59441,0,94.6154,0,0.0150376,0,1.3986,18874.4
265,Privada,5.05,6.36796,0.132,0.245,0.623,0.176,0.176,0.647,0.277,0.064,0.66,0.192,0.115,0.692,5.04451,23.1454,2.07715,78.4884,3.67232,0.157114,0,1.69492,18120
266,Privada,5.75,6.35249,0.412,0.176,0.412,0.467,0.067,0.467,0.4,0.067,0.533,0.188,0.125,0.688,0.884956,22.1239,1.76991,70.5357,2.67857,0.16279,0,4.46429,22284
267,Estatal,5.74,7.39658,0.308,0.256,0.436,0.541,0.033,0.426,0.639,0.016,0.344,0.672,0.034,0.293,5.13245,10.7616,1.65563,81.4332,0,0.0434524,12.3,7.07237,29887.8
268,Privada,5.53,6.50837,0.029,0.265,0.706,0.206,0.147,0.647,0.294,0.088,0.618,0.152,0.091,0.758,0,20.1465,4.7619,38.3399,0.393701,0.133781,4.4,2.96296,18308.1
269,Estatal,4.19,3.07791,0,0.667,0.333,0.125,0.25,0.625,0.048,0.381,0.571,0,0.375,0.625,34.0351,99.6491,84.5614,86.3415,26.0714,0.727396,1.6,15.0327,28403.2
270,Estatal,4.17,5.25579,0.108,0.243,0.649,0.116,0.372,0.512,0.163,0.204,0.633,0.215,0.108,0.677,33.5235,65.9058,37.3752,49.9237,10.6469,0.405743,9.6,21.519,41290.3
271,Estatal,4.89,4.28897,0.048,0.429,0.524,0.1,0.32,0.58,0.197,0.273,0.53,0.109,0.297,0.594,20.5696,59.9684,26.8987,75.7042,7.60518,0.425551,4.4,20.5128,23127.2
272,Privada,6.77,7.3878,0.333,0.143,0.524,0.333,0.048,0.619,0.545,0,0.455,0.368,0.053,0.579,0,5.40541,0,88.9764,3.81679,0.0803536,7.4,1.71429,18708.8
273,Estatal,4.26,4.60551,0.088,0.265,0.647,0.225,0.211,0.563,0.239,0.169,0.592,0.127,0.197,0.676,38.2753,73.8275,42.8139,85.2751,10.355,0.468735,8.2,28.6164,26066.9
274,Estatal,3.79,4.75992,0.041,0.388,0.571,0.077,0.462,0.462,0.111,0.185,0.704,0.044,0.367,0.589,24.3493,67.5903,30.1427,95.5335,3.01659,0.395536,15.2,15.403,29206.4
275,Estatal,4.92,4.28994,0.077,0.308,0.615,0.12,0.24,0.64,0.286,0.25,0.464,0.115,0.308,0.577,17.9054,61.1486,29.0541,69.3727,5.81818,0.394564,3.9,19.5035,25858.3
276,Privada,4.2,6.28649,0.188,0.313,0.5,0.143,0.143,0.714,0.267,0.067,0.667,0.176,0.118,0.706,8.39161,32.1678,5.59441,80.1587,0.787402,0.129274,28.5,15.4472,19084.2
277,Privada,5.6,5.74816,0.037,0.222,0.741,0,0,0,0.12,0.08,0.8,0.083,0.083,0.833,6.38298,36.5957,9.3617,85.7143,6.43777,0.270815,1.6,13.4694,19237.6
278,Privada,6.5,6.62756,0.167,0.083,0.75,0.333,0.083,0.583,0.545,0,0.455,0.333,0.083,0.583,3,12,1,85.1064,0,0.0581597,0,7.36842,66138.3
279,Privada,6.6,4.5063,0.483,0.034,0.483,0.429,0.036,0.536,0.567,0.033,0.4,0,0.067,0.367,0,4.24528,0.471698,96.9388,0,0.0125425,0.9,0.921659,63993.7
280,Privada,5.86,5.70679,0.326,0.209,0.465,0.356,0.178,0.467,0.41,0.103,0.487,0.293,0.098,0.61,5.90406,11.8081,0,92.0415,0,0.0389368,33,3.94265,17782.9
281,Privada,5.21,6.33187,0.279,0.115,0.607,0.316,0.053,0.632,0.397,0.138,0.466,0.344,0.115,0.541,7.43405,19.4245,1.91847,81.8391,2.0362,0.100857,0,3.1401,20363.9
282,Estatal,4.27,4.72157,0.044,0.422,0.533,0.133,0.244,0.622,0.256,0.233,0.512,0.047,0.372,0.581,5.61056,33.1683,6.27063,78.4722,2.04429,0.19395,23.8,20.8,33606
283,Privada,6.21,7.37887,0.324,0.147,0.529,0.184,0.053,0.763,0.556,0.083,0.361,0.343,0.057,0.6,1.49254,4.47761,0.746269,93.4959,0,0.158602,2.6,3.4188,23397.5
284,Privada,6.48,7.567,0.434,0.075,0.491,0.549,0.039,0.412,0.708,0.104,0.188,0.686,0,0.314,0,0.983607,0,100,0,0.00321543,1.4,1.0274,95653.6
285,Estatal,4.89,4.70424,0.162,0.324,0.514,0.297,0.189,0.514,0.189,0.243,0.568,0.242,0.091,0.667,32.8546,73.07,39.3178,68.1342,7.85047,0.495087,26.4,7.15596,34534.3
286,Estatal,4.08,4.96624,0.122,0.244,0.634,0.067,0.4,0.533,0.27,0.189,0.541,0.213,0.149,0.638,21.4286,58.5714,32.9762,66.8033,12.3843,0.438857,9.5,20.1448,36650.3
287,Privada,5.25,3.70503,0,0.4,0.6,0,0.333,0.667,0,0.429,0.571,0,0.286,0.714,5.65217,43.4783,14.7826,82.3529,3.78151,0.27443,0,7.85124,20392.7
288,Estatal,4.65,4.28646,0.135,0.324,0.541,0.286,0.086,0.629,0.294,0.206,0.5,0.167,0.25,0.583,25.3796,70.0651,40.1302,61.3839,6.35965,0.479671,35.9,8.51064,21699.7
289,Privada,5.26,5.92395,0.083,0.278,0.639,0.25,0.083,0.667,0.343,0.086,0.571,0.189,0.189,0.622,2.23881,28.7313,3.35821,87.6923,0,0.131708,0,5.28302,17237.6
290,Privada,6.7,5.72186,0.083,0.278,0.639,0.122,0.293,0.585,0.158,0.316,0.526,0.114,0.2,0.686,4.30622,38.2775,7.6555,92.891,0,0.0797811,0,5.6872,26406.8
291,Privada,5.69,6.30994,0.314,0.114,0.571,0.286,0.143,0.571,0.441,0.118,0.441,0.5,0.059,0.441,4.05904,15.4982,2.95203,86.7857,0,0.0671708,4,0.735294,17497.5
292,Privada,5.71,4.58997,0.103,0.552,0.345,0.1,0.433,0.467,0.074,0.556,0.37,0.207,0.103,0.69,2.43902,89.7561,9.7561,78.866,0.490196,0.0411372,43.4,1.0989,20193.2
293,Estatal,3.99,4.76629,0.033,0.41,0.557,0.118,0.196,0.686,0.092,0.338,0.569,0.018,0.304,0.679,18.1928,60.6024,24.6988,75.4579,9.16272,0.278043,19.6,24.5881,21289.1
294,Estatal,3.98,5.61957,0.1,0.283,0.617,0.186,0.136,0.678,0.108,0.154,0.738,0.118,0.176,0.706,17.5627,46.4158,15.233,59.0385,2.60708,0.241333,82.9,5.6926,23490.2
295,Privada,6.13,2.43313,0,0.583,0.417,0,0.636,0.364,0.04,0.68,0.28,0.038,0.577,0.385,0,49.5177,10.6109,97.0684,0.651466,0.168981,0,0.31746,14842.1
296,Estatal,4.19,5.23334,0.361,0.181,0.458,0.211,0.169,0.62,0.371,0.129,0.5,0.263,0.079,0.658,25.0182,59.6364,33.0182,56.3591,6.35167,0.408726,19.9,17.6779,25633.6
297,Privada,6.75,7.61826,0.571,0,0.429,0.619,0.048,0.333,0.778,0,0.222,0.636,0.045,0.318,1.55039,16.2791,0.775194,93.8462,0.757576,0.0733985,0,2.58621,27579.9
298,Privada,5.98,6.53727,0.188,0.141,0.672,0.361,0.016,0.623,0.536,0.071,0.393,0.2,0.15,0.65,2.11082,9.23483,1.05541,92.663,0.26738,0.0394414,13.7,1.07817,14063.7
299,Privada,5.71,4.29783,0,0.537,0.463,0.1,0.34,0.56,0.036,0.364,0.6,0.041,0.388,0.571,0,0,0,87.2611,0.632911,0.084527,60.8,0.96463,14319.9
300,Estatal,4.89,3.6564,0.08,0.48,0.44,0.333,0.19,0.476,0.16,0.32,0.52,0,0.375,0.625,36.0697,99.005,92.5373,62.5483,43.0588,0.71142,2.4,11.8598,25308.5
301,Privada,5.33,7.13667,0.353,0.059,0.588,0.353,0.059,0.588,0.652,0.043,0.304,0.375,0,0.625,2.5,11.875,1.25,90.4494,0.540541,0.0573257,3.5,2.7972,25340.1
302,Privada,6.49,7.01076,0.224,0.224,0.553,0.427,0.067,0.507,0.453,0.093,0.453,0.32,0.08,0.6,1.89394,5.11364,0.568182,95.098,0.195695,0.0245455,0,0.924214,18689.7
303,Privada,5.97,5.79126,0.158,0.184,0.658,0.227,0.136,0.636,0.325,0.15,0.525,0.098,0.244,0.659,1,7.33333,1,90.1361,0.671141,0.0434218,0,1.31148,15697.5
304,Privada,5.79,3.64162,0,0.548,0.452,0.152,0.485,0.364,0.103,0.414,0.483,0.118,0.441,0.441,0,13.1068,1.45631,92.4883,0.934579,0.0273358,0,1.86047,23411.7
305,Estatal,4.83,5.92635,0.229,0.271,0.5,0.14,0.281,0.579,0.193,0.175,0.632,0.214,0.143,0.643,10.5451,41.2869,25.2904,70.7477,8.13356,0.22617,21,9.44499,34052.7
306,Estatal,4.83,5.36956,0.047,0.313,0.641,0.134,0.269,0.597,0.238,0.079,0.683,0.094,0.266,0.641,19.2073,48.628,19.9695,62.8788,0,0.25561,6.5,17.7496,21198.8
307,Privada,6.23,7.13024,0.214,0.143,0.643,0.345,0.172,0.483,0.517,0.034,0.448,0.6,0.067,0.333,0.966184,2.89855,0.483092,91.6667,0.460829,0.0209339,0,0.483092,14344.5
308,Estatal,5.04,5.86089,0.163,0.286,0.551,0.164,0.164,0.672,0.324,0.088,0.588,0.091,0.242,0.667,6.4695,27.7264,6.83919,73.0453,6.22568,0.168129,28.4,5.87121,29772.7
